{
"lengthUnit": "mil",
"components": {
	"fields": ["COMPONENT_NO", "COMPONENT_NAME", "LAYER", "X_COORDINATE", "Y_COORDINATE", "ANGLE"],
	"rows": [
		[1, "ALT_CAP", "T", 2204.72, 2281.41, 0],
		[2, "ALT_LEFT", "T", 2405.44, 1998.02, 0],
		[3, "ALT_MOT", "T", 2984.25, 2240, 90],
		[4, "ALT_RIGHT", "T", 2405.44, 2490.14, 0],
		[5, "AZ_CAP", "T", 2204.72, 390, 0],
		[6, "AZ_LEFT", "T", 2405.44, 108.26, 0],
		[7, "AZ_MOT", "T", 2984.25, 350, 90],
		[8, "AZ_RIGHT", "T", 2405.44, 600.38, 0],
		[9, "C5", "T", 155, 1465, 270],
		[10, "C6", "T", 410, 1485, 90],
		[11, "Cboot", "T", 1035, 2565, 0],
		[12, "Ccomp", "T", 1165, 2405, 270],
		[13, "Ccomp2", "T", 1085, 2405, 270],
		[14, "CH340N", "T", 280, 1555, 180],
		[15, "Cin", "T", 705, 2505, 270],
		[16, "Cin2", "T", 633.59, 2505, 270],
		[17, "Cout", "T", 995, 2785, 0],
		[18, "Cout2", "T", 995, 2885, 0],
		[19, "Css", "T", 720, 2310, 270],
		[20, "D3", "T", 975, 2655, 180],
		[21, "DEC_CAP", "T", 2204.72, 1016.41, 0],
		[22, "DEC_LEFT", "T", 2405.44, 738.18, 0],
		[23, "DEC_MOT", "T", 2992.13, 975, 90],
		[24, "DEC_RIGHT", "T", 2404.23, 1230.3, 0],
		[25, "ESP_LEFT", "T", 78.74, 944.9, 90],
		[26, "ESP_RIGHT", "T", 1062.99, 944.9, 90],
		[27, "EXTRAPINS", "T", 397.64, 2212.6, 90],
		[28, "HEADER4P_SENSORS", "T", 1350, 110, 0],
		[29, "I2C", "T", 713.89, 197.45, 180],
		[30, "L3", "T", 1165, 2715, 90],
		[31, "POWER_SELECTOR", "T", 820, 1650, 180],
		[32, "POWERPINS", "T", 507.87, 2165.35, 90],
		[33, "R1", "T", 170, 1075, 270],
		[34, "R2", "T", 310, 1345, 90],
		[35, "R3", "T", 255, 1345, 90],
		[36, "R4", "T", 1125, 2305, 180],
		[37, "R5", "T", 1255.67, 2315.41, 0],
		[38, "R6", "T", 1230, 2405, 270],
		[39, "RA_CAP", "T", 2204.72, 1651.41, 0],
		[40, "RA_LEFT", "T", 2405.44, 1368.1, 0],
		[41, "RA_MOT", "T", 2992.13, 1605, 90],
		[42, "RA_RIGHT", "T", 2405.44, 1860.22, 0],
		[43, "SENSOR1", "T", 1345, 200, 180],
		[44, "SENSOR2", "T", 1765, 200, 180],
		[45, "U1", "T", 970, 1935, 180],
		[46, "U2", "T", 895, 2415, 270],
		[47, "USB1", "T", 205, 2005, 270]
	]
},
"pins": {
	"fields": ["PIN_NO", "PIN_NAME", "PIN_X", "PIN_Y", "LAYER", "PIN_TYPE", "NET_NAME", "NET_TYPE", "PAD_SHAPE", "PAD_SIZEX", "PAD_SIZEY", "HOLE_SIZE", "PAD_ANGLE"],
	"rows": [
		[1, "ALT_CAP_1", 2099.6, 2281.41, "T", "SMD", "PSU12V", "", "R", 137.79, 47.24, 0, 0],
		[2, "ALT_CAP_2", 2309.84, 2281.41, "T", "SMD", "GND", "GND", "R", 137.79, 47.24, 0, 0],
		[3, "ALT_LEFT_1", 2055.44, 1998.02, "T", "DIP", "ALT_EN", "", "R", 70.87, 70.87, 47.24, 0],
		[4, "ALT_LEFT_1", 2055.44, 1998.02, "B", "DIP", "ALT_EN", "", "R", 70.87, 70.87, 47.24, 0],
		[5, "ALT_LEFT_2", 2155.44, 1998.02, "T", "DIP", "ALT_MS1", "", "C", 70.87, 70.87, 47.24, 0],
		[6, "ALT_LEFT_2", 2155.44, 1998.02, "B", "DIP", "ALT_MS1", "", "C", 70.87, 70.87, 47.24, 0],
		[7, "ALT_LEFT_3", 2255.44, 1998.02, "T", "DIP", "ALT_MS2", "", "C", 70.87, 70.87, 47.24, 0],
		[8, "ALT_LEFT_3", 2255.44, 1998.02, "B", "DIP", "ALT_MS2", "", "C", 70.87, 70.87, 47.24, 0],
		[9, "ALT_LEFT_4", 2355.44, 1998.02, "T", "DIP", "ALT_MS3", "", "C", 70.87, 70.87, 47.24, 0],
		[10, "ALT_LEFT_4", 2355.44, 1998.02, "B", "DIP", "ALT_MS3", "", "C", 70.87, 70.87, 47.24, 0],
		[11, "ALT_LEFT_5", 2455.44, 1998.02, "T", "DIP", "ESPVOUT", "", "C", 70.87, 70.87, 47.24, 0],
		[12, "ALT_LEFT_5", 2455.44, 1998.02, "B", "DIP", "ESPVOUT", "", "C", 70.87, 70.87, 47.24, 0],
		[13, "ALT_LEFT_6", 2555.44, 1998.02, "T", "DIP", "ESPVOUT", "", "C", 70.87, 70.87, 47.24, 0],
		[14, "ALT_LEFT_6", 2555.44, 1998.02, "B", "DIP", "ESPVOUT", "", "C", 70.87, 70.87, 47.24, 0],
		[15, "ALT_LEFT_7", 2655.44, 1998.02, "T", "DIP", "ALT_STEP", "", "C", 70.87, 70.87, 47.24, 0],
		[16, "ALT_LEFT_7", 2655.44, 1998.02, "B", "DIP", "ALT_STEP", "", "C", 70.87, 70.87, 47.24, 0],
		[17, "ALT_LEFT_8", 2755.44, 1998.02, "T", "DIP", "ALT_DIR", "", "C", 70.87, 70.87, 47.24, 0],
		[18, "ALT_LEFT_8", 2755.44, 1998.02, "B", "DIP", "ALT_DIR", "", "C", 70.87, 70.87, 47.24, 0],
		[19, "ALT_MOT_1", 2984.25, 2043.15, "T", "DIP", "ALT_MOT_1", "", "R", 60, 62.99, 43.31, 90],
		[20, "ALT_MOT_1", 2984.25, 2043.15, "B", "DIP", "ALT_MOT_1", "", "R", 60, 62.99, 43.31, 90],
		[21, "ALT_MOT_2", 2984.25, 2141.58, "T", "DIP", "ALT_A2", "", "C", 62.99, 62.99, 43.31, 90],
		[22, "ALT_MOT_2", 2984.25, 2141.58, "B", "DIP", "ALT_A2", "", "C", 62.99, 62.99, 43.31, 90],
		[23, "ALT_MOT_3", 2984.25, 2240, "T", "DIP", "ALT_B1", "", "C", 62.99, 62.99, 43.31, 90],
		[24, "ALT_MOT_3", 2984.25, 2240, "B", "DIP", "ALT_B1", "", "C", 62.99, 62.99, 43.31, 90],
		[25, "ALT_MOT_4", 2984.25, 2338.43, "T", "DIP", "ALT_A1", "", "C", 62.99, 62.99, 43.31, 90],
		[26, "ALT_MOT_4", 2984.25, 2338.43, "B", "DIP", "ALT_A1", "", "C", 62.99, 62.99, 43.31, 90],
		[27, "ALT_MOT_5", 2984.25, 2436.86, "T", "DIP", "ALT_B2", "", "C", 62.99, 62.99, 43.31, 90],
		[28, "ALT_MOT_5", 2984.25, 2436.86, "B", "DIP", "ALT_B2", "", "C", 62.99, 62.99, 43.31, 90],
		[29, "ALT_RIGHT_1", 2055.44, 2490.14, "T", "DIP", "PSU12V", "", "R", 70.87, 70.87, 47.24, 0],
		[30, "ALT_RIGHT_1", 2055.44, 2490.14, "B", "DIP", "PSU12V", "", "R", 70.87, 70.87, 47.24, 0],
		[31, "ALT_RIGHT_2", 2155.44, 2490.14, "T", "DIP", "GND", "GND", "C", 70.87, 70.87, 47.24, 0],
		[32, "ALT_RIGHT_2", 2155.44, 2490.14, "B", "DIP", "GND", "GND", "C", 70.87, 70.87, 47.24, 0],
		[33, "ALT_RIGHT_3", 2255.44, 2490.14, "T", "DIP", "ALT_A2", "", "C", 70.87, 70.87, 47.24, 0],
		[34, "ALT_RIGHT_3", 2255.44, 2490.14, "B", "DIP", "ALT_A2", "", "C", 70.87, 70.87, 47.24, 0],
		[35, "ALT_RIGHT_4", 2355.44, 2490.14, "T", "DIP", "ALT_A1", "", "C", 70.87, 70.87, 47.24, 0],
		[36, "ALT_RIGHT_4", 2355.44, 2490.14, "B", "DIP", "ALT_A1", "", "C", 70.87, 70.87, 47.24, 0],
		[37, "ALT_RIGHT_5", 2455.44, 2490.14, "T", "DIP", "ALT_B1", "", "C", 70.87, 70.87, 47.24, 0],
		[38, "ALT_RIGHT_5", 2455.44, 2490.14, "B", "DIP", "ALT_B1", "", "C", 70.87, 70.87, 47.24, 0],
		[39, "ALT_RIGHT_6", 2555.44, 2490.14, "T", "DIP", "ALT_B2", "", "C", 70.87, 70.87, 47.24, 0],
		[40, "ALT_RIGHT_6", 2555.44, 2490.14, "B", "DIP", "ALT_B2", "", "C", 70.87, 70.87, 47.24, 0],
		[41, "ALT_RIGHT_7", 2655.44, 2490.14, "T", "DIP", "ESPVOUT", "", "C", 70.87, 70.87, 47.24, 0],
		[42, "ALT_RIGHT_7", 2655.44, 2490.14, "B", "DIP", "ESPVOUT", "", "C", 70.87, 70.87, 47.24, 0],
		[43, "ALT_RIGHT_8", 2755.44, 2490.14, "T", "DIP", "GND", "GND", "C", 70.87, 70.87, 47.24, 0],
		[44, "ALT_RIGHT_8", 2755.44, 2490.14, "B", "DIP", "GND", "GND", "C", 70.87, 70.87, 47.24, 0],
		[45, "AZ_CAP_1", 2099.6, 390, "T", "SMD", "PSU12V", "", "R", 137.79, 47.24, 0, 0],
		[46, "AZ_CAP_2", 2309.84, 390, "T", "SMD", "GND", "GND", "R", 137.79, 47.24, 0, 0],
		[47, "AZ_LEFT_1", 2055.44, 108.26, "T", "DIP", "AZ_EN", "", "R", 70.87, 70.87, 47.24, 0],
		[48, "AZ_LEFT_1", 2055.44, 108.26, "B", "DIP", "AZ_EN", "", "R", 70.87, 70.87, 47.24, 0],
		[49, "AZ_LEFT_2", 2155.44, 108.26, "T", "DIP", "AZ_MS1", "", "C", 70.87, 70.87, 47.24, 0],
		[50, "AZ_LEFT_2", 2155.44, 108.26, "B", "DIP", "AZ_MS1", "", "C", 70.87, 70.87, 47.24, 0],
		[51, "AZ_LEFT_3", 2255.44, 108.26, "T", "DIP", "AZ_MS2", "", "C", 70.87, 70.87, 47.24, 0],
		[52, "AZ_LEFT_3", 2255.44, 108.26, "B", "DIP", "AZ_MS2", "", "C", 70.87, 70.87, 47.24, 0],
		[53, "AZ_LEFT_4", 2355.44, 108.26, "T", "DIP", "AZ_MS3", "", "C", 70.87, 70.87, 47.24, 0],
		[54, "AZ_LEFT_4", 2355.44, 108.26, "B", "DIP", "AZ_MS3", "", "C", 70.87, 70.87, 47.24, 0],
		[55, "AZ_LEFT_5", 2455.44, 108.26, "T", "DIP", "ESPVOUT", "", "C", 70.87, 70.87, 47.24, 0],
		[56, "AZ_LEFT_5", 2455.44, 108.26, "B", "DIP", "ESPVOUT", "", "C", 70.87, 70.87, 47.24, 0],
		[57, "AZ_LEFT_6", 2555.44, 108.26, "T", "DIP", "ESPVOUT", "", "C", 70.87, 70.87, 47.24, 0],
		[58, "AZ_LEFT_6", 2555.44, 108.26, "B", "DIP", "ESPVOUT", "", "C", 70.87, 70.87, 47.24, 0],
		[59, "AZ_LEFT_7", 2655.44, 108.26, "T", "DIP", "AZ_STEP", "", "C", 70.87, 70.87, 47.24, 0],
		[60, "AZ_LEFT_7", 2655.44, 108.26, "B", "DIP", "AZ_STEP", "", "C", 70.87, 70.87, 47.24, 0],
		[61, "AZ_LEFT_8", 2755.44, 108.26, "T", "DIP", "AZ_DIR", "", "C", 70.87, 70.87, 47.24, 0],
		[62, "AZ_LEFT_8", 2755.44, 108.26, "B", "DIP", "AZ_DIR", "", "C", 70.87, 70.87, 47.24, 0],
		[63, "AZ_MOT_1", 2984.25, 153.15, "T", "DIP", "AZ_MOT_1", "", "R", 60, 62.99, 43.31, 90],
		[64, "AZ_MOT_1", 2984.25, 153.15, "B", "DIP", "AZ_MOT_1", "", "R", 60, 62.99, 43.31, 90],
		[65, "AZ_MOT_2", 2984.25, 251.58, "T", "DIP", "AZ_A2", "", "C", 62.99, 62.99, 43.31, 90],
		[66, "AZ_MOT_2", 2984.25, 251.58, "B", "DIP", "AZ_A2", "", "C", 62.99, 62.99, 43.31, 90],
		[67, "AZ_MOT_3", 2984.25, 350, "T", "DIP", "AZ_B1", "", "C", 62.99, 62.99, 43.31, 90],
		[68, "AZ_MOT_3", 2984.25, 350, "B", "DIP", "AZ_B1", "", "C", 62.99, 62.99, 43.31, 90],
		[69, "AZ_MOT_4", 2984.25, 448.43, "T", "DIP", "AZ_A1", "", "C", 62.99, 62.99, 43.31, 90],
		[70, "AZ_MOT_4", 2984.25, 448.43, "B", "DIP", "AZ_A1", "", "C", 62.99, 62.99, 43.31, 90],
		[71, "AZ_MOT_5", 2984.25, 546.86, "T", "DIP", "AZ_B2", "", "C", 62.99, 62.99, 43.31, 90],
		[72, "AZ_MOT_5", 2984.25, 546.86, "B", "DIP", "AZ_B2", "", "C", 62.99, 62.99, 43.31, 90],
		[73, "AZ_RIGHT_1", 2055.44, 600.38, "T", "DIP", "PSU12V", "", "R", 70.87, 70.87, 47.24, 0],
		[74, "AZ_RIGHT_1", 2055.44, 600.38, "B", "DIP", "PSU12V", "", "R", 70.87, 70.87, 47.24, 0],
		[75, "AZ_RIGHT_2", 2155.44, 600.38, "T", "DIP", "GND", "GND", "C", 70.87, 70.87, 47.24, 0],
		[76, "AZ_RIGHT_2", 2155.44, 600.38, "B", "DIP", "GND", "GND", "C", 70.87, 70.87, 47.24, 0],
		[77, "AZ_RIGHT_3", 2255.44, 600.38, "T", "DIP", "AZ_A2", "", "C", 70.87, 70.87, 47.24, 0],
		[78, "AZ_RIGHT_3", 2255.44, 600.38, "B", "DIP", "AZ_A2", "", "C", 70.87, 70.87, 47.24, 0],
		[79, "AZ_RIGHT_4", 2355.44, 600.38, "T", "DIP", "AZ_A1", "", "C", 70.87, 70.87, 47.24, 0],
		[80, "AZ_RIGHT_4", 2355.44, 600.38, "B", "DIP", "AZ_A1", "", "C", 70.87, 70.87, 47.24, 0],
		[81, "AZ_RIGHT_5", 2455.44, 600.38, "T", "DIP", "AZ_B1", "", "C", 70.87, 70.87, 47.24, 0],
		[82, "AZ_RIGHT_5", 2455.44, 600.38, "B", "DIP", "AZ_B1", "", "C", 70.87, 70.87, 47.24, 0],
		[83, "AZ_RIGHT_6", 2555.44, 600.38, "T", "DIP", "AZ_B2", "", "C", 70.87, 70.87, 47.24, 0],
		[84, "AZ_RIGHT_6", 2555.44, 600.38, "B", "DIP", "AZ_B2", "", "C", 70.87, 70.87, 47.24, 0],
		[85, "AZ_RIGHT_7", 2655.44, 600.38, "T", "DIP", "ESPVOUT", "", "C", 70.87, 70.87, 47.24, 0],
		[86, "AZ_RIGHT_7", 2655.44, 600.38, "B", "DIP", "ESPVOUT", "", "C", 70.87, 70.87, 47.24, 0],
		[87, "AZ_RIGHT_8", 2755.44, 600.38, "T", "DIP", "GND", "GND", "C", 70.87, 70.87, 47.24, 0],
		[88, "AZ_RIGHT_8", 2755.44, 600.38, "B", "DIP", "GND", "GND", "C", 70.87, 70.87, 47.24, 0],
		[89, "C5_1", 155, 1486.46, "T", "SMD", "GND", "GND", "R", 31.11, 21.26, 0, 270],
		[90, "C5_2", 155, 1443.54, "T", "SMD", "USB5V", "", "R", 31.11, 21.26, 0, 270],
		[91, "C6_1", 410, 1463.54, "T", "SMD", "$1N15", "", "R", 31.11, 21.26, 0, 90],
		[92, "C6_2", 410, 1506.46, "T", "SMD", "GND", "GND", "R", 31.11, 21.26, 0, 90],
		[93, "Cboot_1", 1007.44, 2565, "T", "SMD", "$1N13245", "", "R", 31.5, 35.43, 0, 0],
		[94, "Cboot_2", 1062.56, 2565, "T", "SMD", "$1N13249", "", "R", 31.5, 35.43, 0, 0],
		[95, "Ccomp_1", 1165, 2432.56, "T", "SMD", "GND", "GND", "R", 31.5, 35.43, 0, 270],
		[96, "Ccomp_2", 1165, 2377.44, "T", "SMD", "$1N13151", "", "R", 31.5, 35.43, 0, 270],
		[97, "Ccomp2_1", 1085, 2432.56, "T", "SMD", "GND", "GND", "R", 31.5, 35.43, 0, 270],
		[98, "Ccomp2_2", 1085, 2377.44, "T", "SMD", "$1N12989", "", "R", 31.5, 35.43, 0, 270],
		[99, "CH340N_1", 355, 1660.61, "T", "SMD", "USBDP", "", "O", 24.8, 73.42, 0, 180],
		[100, "CH340N_2", 305, 1660.61, "T", "SMD", "USBDN", "", "O", 24.8, 73.42, 0, 180],
		[101, "CH340N_3", 255, 1660.61, "T", "SMD", "GND", "GND", "O", 24.8, 73.42, 0, 180],
		[102, "CH340N_4", 205, 1660.61, "T", "SMD", "CH340N_4", "", "O", 24.8, 73.42, 0, 180],
		[103, "CH340N_5", 205, 1449.39, "T", "SMD", "USB5V", "", "O", 24.8, 73.42, 0, 180],
		[104, "CH340N_6", 255, 1449.39, "T", "SMD", "$1N27", "", "O", 24.8, 73.42, 0, 180],
		[105, "CH340N_7", 305, 1449.39, "T", "SMD", "$1N26", "", "O", 24.8, 73.42, 0, 180],
		[106, "CH340N_8", 355, 1449.39, "T", "SMD", "$1N15", "", "O", 24.8, 73.42, 0, 180],
		[107, "Cin_1", 705, 2544.37, "T", "SMD", "GND", "GND", "R", 55.51, 53.15, 0, 270],
		[108, "Cin_2", 705, 2465.63, "T", "SMD", "PSU12V", "", "R", 55.51, 53.15, 0, 270],
		[109, "Cin2_1", 633.59, 2544.37, "T", "SMD", "GND", "GND", "R", 55.51, 53.15, 0, 270],
		[110, "Cin2_2", 633.59, 2465.63, "T", "SMD", "PSU12V", "", "R", 55.51, 53.15, 0, 270],
		[111, "Cout_1", 932.3, 2785, "T", "SMD", "GND", "GND", "R", 58.47, 68.03, 0, 0],
		[112, "Cout_2", 1057.7, 2785, "T", "SMD", "5V2A", "", "R", 58.47, 68.03, 0, 0],
		[113, "Cout2_1", 932.3, 2885, "T", "SMD", "GND", "GND", "R", 58.47, 68.03, 0, 0],
		[114, "Cout2_2", 1057.7, 2885, "T", "SMD", "5V2A", "", "R", 58.47, 68.03, 0, 0],
		[115, "Css_1", 720, 2337.56, "T", "SMD", "$1N13891", "", "R", 31.5, 35.43, 0, 270],
		[116, "Css_2", 720, 2282.44, "T", "SMD", "GND", "GND", "R", 31.5, 35.43, 0, 270],
		[117, "D3_1", 876.43, 2655, "T", "SMD", "GND", "GND", "R", 81.2, 60.59, 0, 180],
		[118, "D3_2", 1073.57, 2655, "T", "SMD", "$1N13249", "", "R", 81.2, 60.59, 0, 180],
		[119, "DEC_CAP_1", 2099.6, 1016.41, "T", "SMD", "PSU12V", "", "R", 137.79, 47.24, 0, 0],
		[120, "DEC_CAP_2", 2309.84, 1016.41, "T", "SMD", "GND", "GND", "R", 137.79, 47.24, 0, 0],
		[121, "DEC_LEFT_1", 2055.44, 738.18, "T", "DIP", "DEC_EN", "", "R", 70.87, 70.87, 47.24, 0],
		[122, "DEC_LEFT_1", 2055.44, 738.18, "B", "DIP", "DEC_EN", "", "R", 70.87, 70.87, 47.24, 0],
		[123, "DEC_LEFT_2", 2155.44, 738.18, "T", "DIP", "ESPVOUT", "", "C", 70.87, 70.87, 47.24, 0],
		[124, "DEC_LEFT_2", 2155.44, 738.18, "B", "DIP", "ESPVOUT", "", "C", 70.87, 70.87, 47.24, 0],
		[125, "DEC_LEFT_3", 2255.44, 738.18, "T", "DIP", "GND", "GND", "C", 70.87, 70.87, 47.24, 0],
		[126, "DEC_LEFT_3", 2255.44, 738.18, "B", "DIP", "GND", "GND", "C", 70.87, 70.87, 47.24, 0],
		[127, "DEC_LEFT_4", 2355.44, 738.18, "T", "DIP", "DEC_UART1", "", "C", 70.87, 70.87, 47.24, 0],
		[128, "DEC_LEFT_4", 2355.44, 738.18, "B", "DIP", "DEC_UART1", "", "C", 70.87, 70.87, 47.24, 0],
		[129, "DEC_LEFT_5", 2455.44, 738.18, "T", "DIP", "DEC_UART1", "", "C", 70.87, 70.87, 47.24, 0],
		[130, "DEC_LEFT_5", 2455.44, 738.18, "B", "DIP", "DEC_UART1", "", "C", 70.87, 70.87, 47.24, 0],
		[131, "DEC_LEFT_6", 2555.44, 738.18, "T", "DIP", "DEC_CLK", "", "C", 70.87, 70.87, 47.24, 0],
		[132, "DEC_LEFT_6", 2555.44, 738.18, "B", "DIP", "DEC_CLK", "", "C", 70.87, 70.87, 47.24, 0],
		[133, "DEC_LEFT_7", 2655.44, 738.18, "T", "DIP", "DEC_STEP", "", "C", 70.87, 70.87, 47.24, 0],
		[134, "DEC_LEFT_7", 2655.44, 738.18, "B", "DIP", "DEC_STEP", "", "C", 70.87, 70.87, 47.24, 0],
		[135, "DEC_LEFT_8", 2755.44, 738.18, "T", "DIP", "DEC_DIR", "", "C", 70.87, 70.87, 47.24, 0],
		[136, "DEC_LEFT_8", 2755.44, 738.18, "B", "DIP", "DEC_DIR", "", "C", 70.87, 70.87, 47.24, 0],
		[137, "DEC_MOT_1", 2992.13, 827.36, "T", "DIP", "DEC_A2", "", "R", 60, 62.99, 43.31, 90],
		[138, "DEC_MOT_1", 2992.13, 827.36, "B", "DIP", "DEC_A2", "", "R", 60, 62.99, 43.31, 90],
		[139, "DEC_MOT_2", 2992.13, 925.79, "T", "DIP", "DEC_A1", "", "C", 62.99, 62.99, 43.31, 90],
		[140, "DEC_MOT_2", 2992.13, 925.79, "B", "DIP", "DEC_A1", "", "C", 62.99, 62.99, 43.31, 90],
		[141, "DEC_MOT_3", 2992.13, 1024.21, "T", "DIP", "DEC_B1", "", "C", 62.99, 62.99, 43.31, 90],
		[142, "DEC_MOT_3", 2992.13, 1024.21, "B", "DIP", "DEC_B1", "", "C", 62.99, 62.99, 43.31, 90],
		[143, "DEC_MOT_4", 2992.13, 1122.64, "T", "DIP", "DEC_B2", "", "C", 62.99, 62.99, 43.31, 90],
		[144, "DEC_MOT_4", 2992.13, 1122.64, "B", "DIP", "DEC_B2", "", "C", 62.99, 62.99, 43.31, 90],
		[145, "DEC_RIGHT_1", 2054.23, 1230.3, "T", "DIP", "PSU12V", "", "R", 70.87, 70.87, 47.24, 0],
		[146, "DEC_RIGHT_1", 2054.23, 1230.3, "B", "DIP", "PSU12V", "", "R", 70.87, 70.87, 47.24, 0],
		[147, "DEC_RIGHT_2", 2154.23, 1230.3, "T", "DIP", "GND", "GND", "C", 70.87, 70.87, 47.24, 0],
		[148, "DEC_RIGHT_2", 2154.23, 1230.3, "B", "DIP", "GND", "GND", "C", 70.87, 70.87, 47.24, 0],
		[149, "DEC_RIGHT_3", 2254.23, 1230.3, "T", "DIP", "DEC_A2", "", "C", 70.87, 70.87, 47.24, 0],
		[150, "DEC_RIGHT_3", 2254.23, 1230.3, "B", "DIP", "DEC_A2", "", "C", 70.87, 70.87, 47.24, 0],
		[151, "DEC_RIGHT_4", 2354.23, 1230.3, "T", "DIP", "DEC_A1", "", "C", 70.87, 70.87, 47.24, 0],
		[152, "DEC_RIGHT_4", 2354.23, 1230.3, "B", "DIP", "DEC_A1", "", "C", 70.87, 70.87, 47.24, 0],
		[153, "DEC_RIGHT_5", 2454.23, 1230.3, "T", "DIP", "DEC_B1", "", "C", 70.87, 70.87, 47.24, 0],
		[154, "DEC_RIGHT_5", 2454.23, 1230.3, "B", "DIP", "DEC_B1", "", "C", 70.87, 70.87, 47.24, 0],
		[155, "DEC_RIGHT_6", 2554.23, 1230.3, "T", "DIP", "DEC_B2", "", "C", 70.87, 70.87, 47.24, 0],
		[156, "DEC_RIGHT_6", 2554.23, 1230.3, "B", "DIP", "DEC_B2", "", "C", 70.87, 70.87, 47.24, 0],
		[157, "DEC_RIGHT_7", 2654.23, 1230.3, "T", "DIP", "ESPVOUT", "", "C", 70.87, 70.87, 47.24, 0],
		[158, "DEC_RIGHT_7", 2654.23, 1230.3, "B", "DIP", "ESPVOUT", "", "C", 70.87, 70.87, 47.24, 0],
		[159, "DEC_RIGHT_8", 2754.23, 1230.3, "T", "DIP", "GND", "GND", "C", 70.87, 70.87, 47.24, 0],
		[160, "DEC_RIGHT_8", 2754.23, 1230.3, "B", "DIP", "GND", "GND", "C", 70.87, 70.87, 47.24, 0],
		[161, "ESP_LEFT_1", 78.74, 244.9, "T", "DIP", "ALT_DIR", "", "R", 62.99, 62, 39.37, 90],
		[162, "ESP_LEFT_1", 78.74, 244.9, "B", "DIP", "ALT_DIR", "", "R", 62.99, 62, 39.37, 90],
		[163, "ESP_LEFT_2", 78.74, 344.9, "T", "DIP", "GPIO22", "", "C", 62.99, 62.99, 39.37, 90],
		[164, "ESP_LEFT_2", 78.74, 344.9, "B", "DIP", "GPIO22", "", "C", 62.99, 62.99, 39.37, 90],
		[165, "ESP_LEFT_3", 78.74, 444.9, "T", "DIP", "ESPTX", "", "C", 62.99, 62.99, 39.37, 90],
		[166, "ESP_LEFT_3", 78.74, 444.9, "B", "DIP", "ESPTX", "", "C", 62.99, 62.99, 39.37, 90],
		[167, "ESP_LEFT_4", 78.74, 544.9, "T", "DIP", "ESPRX", "", "C", 62.99, 62.99, 39.37, 90],
		[168, "ESP_LEFT_4", 78.74, 544.9, "B", "DIP", "ESPRX", "", "C", 62.99, 62.99, 39.37, 90],
		[169, "ESP_LEFT_5", 78.74, 644.9, "T", "DIP", "GPIO21", "", "C", 62.99, 62.99, 39.37, 90],
		[170, "ESP_LEFT_5", 78.74, 644.9, "B", "DIP", "GPIO21", "", "C", 62.99, 62.99, 39.37, 90],
		[171, "ESP_LEFT_6", 78.74, 744.9, "T", "DIP", "AZ_DIR", "", "C", 62.99, 62.99, 39.37, 90],
		[172, "ESP_LEFT_6", 78.74, 744.9, "B", "DIP", "AZ_DIR", "", "C", 62.99, 62.99, 39.37, 90],
		[173, "ESP_LEFT_7", 78.74, 844.9, "T", "DIP", "AZ_STEP", "", "C", 62.99, 62.99, 39.37, 90],
		[174, "ESP_LEFT_7", 78.74, 844.9, "B", "DIP", "AZ_STEP", "", "C", 62.99, 62.99, 39.37, 90],
		[175, "ESP_LEFT_8", 78.74, 944.9, "T", "DIP", "DEC_DIR", "", "C", 62.99, 62.99, 39.37, 90],
		[176, "ESP_LEFT_8", 78.74, 944.9, "B", "DIP", "DEC_DIR", "", "C", 62.99, 62.99, 39.37, 90],
		[177, "ESP_LEFT_9", 78.74, 1044.9, "T", "DIP", "GPIO17", "", "C", 62.99, 62.99, 39.37, 90],
		[178, "ESP_LEFT_9", 78.74, 1044.9, "B", "DIP", "GPIO17", "", "C", 62.99, 62.99, 39.37, 90],
		[179, "ESP_LEFT_10", 78.74, 1144.9, "T", "DIP", "DEC_UART1", "", "C", 62.99, 62.99, 39.37, 90],
		[180, "ESP_LEFT_10", 78.74, 1144.9, "B", "DIP", "DEC_UART1", "", "C", 62.99, 62.99, 39.37, 90],
		[181, "ESP_LEFT_11", 78.74, 1244.9, "T", "DIP", "ALT_EN", "", "C", 62.99, 62.99, 39.37, 90],
		[182, "ESP_LEFT_11", 78.74, 1244.9, "B", "DIP", "ALT_EN", "", "C", 62.99, 62.99, 39.37, 90],
		[183, "ESP_LEFT_12", 78.74, 1344.9, "T", "DIP", "GPIO2", "", "C", 62.99, 62.99, 39.37, 90],
		[184, "ESP_LEFT_12", 78.74, 1344.9, "B", "DIP", "GPIO2", "", "C", 62.99, 62.99, 39.37, 90],
		[185, "ESP_LEFT_13", 78.74, 1444.9, "T", "DIP", "GPIO15", "", "C", 62.99, 62.99, 39.37, 90],
		[186, "ESP_LEFT_13", 78.74, 1444.9, "B", "DIP", "GPIO15", "", "C", 62.99, 62.99, 39.37, 90],
		[187, "ESP_LEFT_14", 78.74, 1544.9, "T", "DIP", "GND", "GND", "C", 62.99, 62.99, 39.37, 90],
		[188, "ESP_LEFT_14", 78.74, 1544.9, "B", "DIP", "GND", "GND", "C", 62.99, 62.99, 39.37, 90],
		[189, "ESP_LEFT_15", 78.74, 1644.9, "T", "DIP", "ESPVOUT", "", "C", 62.99, 62.99, 39.37, 90],
		[190, "ESP_LEFT_15", 78.74, 1644.9, "B", "DIP", "ESPVOUT", "", "C", 62.99, 62.99, 39.37, 90],
		[191, "ESP_RIGHT_1", 1062.99, 244.9, "T", "DIP", "ESP_EN", "", "R", 62.99, 62, 39.37, 90],
		[192, "ESP_RIGHT_1", 1062.99, 244.9, "B", "DIP", "ESP_EN", "", "R", 62.99, 62, 39.37, 90],
		[193, "ESP_RIGHT_2", 1062.99, 344.9, "T", "DIP", "GPIO36", "", "C", 62.99, 62.99, 39.37, 90],
		[194, "ESP_RIGHT_2", 1062.99, 344.9, "B", "DIP", "GPIO36", "", "C", 62.99, 62.99, 39.37, 90],
		[195, "ESP_RIGHT_3", 1062.99, 444.9, "T", "DIP", "GPIO39", "", "C", 62.99, 62.99, 39.37, 90],
		[196, "ESP_RIGHT_3", 1062.99, 444.9, "B", "DIP", "GPIO39", "", "C", 62.99, 62.99, 39.37, 90],
		[197, "ESP_RIGHT_4", 1062.99, 544.9, "T", "DIP", "GPIO34", "", "C", 62.99, 62.99, 39.37, 90],
		[198, "ESP_RIGHT_4", 1062.99, 544.9, "B", "DIP", "GPIO34", "", "C", 62.99, 62.99, 39.37, 90],
		[199, "ESP_RIGHT_5", 1062.99, 644.9, "T", "DIP", "GPIO35", "", "C", 62.99, 62.99, 39.37, 90],
		[200, "ESP_RIGHT_5", 1062.99, 644.9, "B", "DIP", "GPIO35", "", "C", 62.99, 62.99, 39.37, 90],
		[201, "ESP_RIGHT_6", 1062.99, 744.9, "T", "DIP", "AZ_EN", "", "C", 62.99, 62.99, 39.37, 90],
		[202, "ESP_RIGHT_6", 1062.99, 744.9, "B", "DIP", "AZ_EN", "", "C", 62.99, 62.99, 39.37, 90],
		[203, "ESP_RIGHT_7", 1062.99, 844.9, "T", "DIP", "DEC_EN", "", "C", 62.99, 62.99, 39.37, 90],
		[204, "ESP_RIGHT_7", 1062.99, 844.9, "B", "DIP", "DEC_EN", "", "C", 62.99, 62.99, 39.37, 90],
		[205, "ESP_RIGHT_8", 1062.99, 944.9, "T", "DIP", "DEC_STEP", "", "C", 62.99, 62.99, 39.37, 90],
		[206, "ESP_RIGHT_8", 1062.99, 944.9, "B", "DIP", "DEC_STEP", "", "C", 62.99, 62.99, 39.37, 90],
		[207, "ESP_RIGHT_9", 1062.99, 1044.9, "T", "DIP", "GPIO26", "", "C", 62.99, 62.99, 39.37, 90],
		[208, "ESP_RIGHT_9", 1062.99, 1044.9, "B", "DIP", "GPIO26", "", "C", 62.99, 62.99, 39.37, 90],
		[209, "ESP_RIGHT_10", 1062.99, 1144.9, "T", "DIP", "GPIO27", "", "C", 62.99, 62.99, 39.37, 90],
		[210, "ESP_RIGHT_10", 1062.99, 1144.9, "B", "DIP", "GPIO27", "", "C", 62.99, 62.99, 39.37, 90],
		[211, "ESP_RIGHT_11", 1062.99, 1244.9, "T", "DIP", "GPIO14", "", "C", 62.99, 62.99, 39.37, 90],
		[212, "ESP_RIGHT_11", 1062.99, 1244.9, "B", "DIP", "GPIO14", "", "C", 62.99, 62.99, 39.37, 90],
		[213, "ESP_RIGHT_12", 1062.99, 1344.9, "T", "DIP", "GPIO12", "", "C", 62.99, 62.99, 39.37, 90],
		[214, "ESP_RIGHT_12", 1062.99, 1344.9, "B", "DIP", "GPIO12", "", "C", 62.99, 62.99, 39.37, 90],
		[215, "ESP_RIGHT_13", 1062.99, 1444.9, "T", "DIP", "ALT_STEP", "", "C", 62.99, 62.99, 39.37, 90],
		[216, "ESP_RIGHT_13", 1062.99, 1444.9, "B", "DIP", "ALT_STEP", "", "C", 62.99, 62.99, 39.37, 90],
		[217, "ESP_RIGHT_14", 1062.99, 1544.9, "T", "DIP", "GND", "GND", "C", 62.99, 62.99, 39.37, 90],
		[218, "ESP_RIGHT_14", 1062.99, 1544.9, "B", "DIP", "GND", "GND", "C", 62.99, 62.99, 39.37, 90],
		[219, "ESP_RIGHT_15", 1062.99, 1644.9, "T", "DIP", "5V2A", "", "C", 62.99, 62.99, 39.37, 90],
		[220, "ESP_RIGHT_15", 1062.99, 1644.9, "B", "DIP", "5V2A", "", "C", 62.99, 62.99, 39.37, 90],
		[221, "EXTRAPINS_1", 397.64, 2112.6, "T", "DIP", "GPIO2", "", "R", 66.93, 66.93, 43.31, 90],
		[222, "EXTRAPINS_1", 397.64, 2112.6, "B", "DIP", "GPIO2", "", "R", 66.93, 66.93, 43.31, 90],
		[223, "EXTRAPINS_2", 397.64, 2212.6, "T", "DIP", "GPIO12", "", "C", 66.93, 66.93, 43.31, 90],
		[224, "EXTRAPINS_2", 397.64, 2212.6, "B", "DIP", "GPIO12", "", "C", 66.93, 66.93, 43.31, 90],
		[225, "EXTRAPINS_3", 397.64, 2312.6, "T", "DIP", "GPIO15", "", "C", 66.93, 66.93, 43.31, 90],
		[226, "EXTRAPINS_3", 397.64, 2312.6, "B", "DIP", "GPIO15", "", "C", 66.93, 66.93, 43.31, 90],
		[227, "HEADER4P_SENSORS_1", 1200, 110, "T", "DIP", "GPIO39", "", "R", 66.93, 66.93, 43.31, 0],
		[228, "HEADER4P_SENSORS_1", 1200, 110, "B", "DIP", "GPIO39", "", "R", 66.93, 66.93, 43.31, 0],
		[229, "HEADER4P_SENSORS_2", 1300, 110, "T", "DIP", "GPIO36", "", "C", 66.93, 66.93, 43.31, 0],
		[230, "HEADER4P_SENSORS_2", 1300, 110, "B", "DIP", "GPIO36", "", "C", 66.93, 66.93, 43.31, 0],
		[231, "HEADER4P_SENSORS_3", 1400, 110, "T", "DIP", "GPIO35", "", "C", 66.93, 66.93, 43.31, 0],
		[232, "HEADER4P_SENSORS_3", 1400, 110, "B", "DIP", "GPIO35", "", "C", 66.93, 66.93, 43.31, 0],
		[233, "HEADER4P_SENSORS_4", 1500, 110, "T", "DIP", "GPIO34", "", "C", 66.93, 66.93, 43.31, 0],
		[234, "HEADER4P_SENSORS_4", 1500, 110, "B", "DIP", "GPIO34", "", "C", 66.93, 66.93, 43.31, 0],
		[235, "I2C_1", 861.53, 197.45, "T", "DIP", "5V2A", "", "R", 60, 59.05, 35.43, 180],
		[236, "I2C_1", 861.53, 197.45, "B", "DIP", "5V2A", "", "R", 60, 59.05, 35.43, 180],
		[237, "I2C_2", 763.1, 197.45, "T", "DIP", "GND", "GND", "C", 59.05, 59.05, 35.43, 180],
		[238, "I2C_2", 763.1, 197.45, "B", "DIP", "GND", "GND", "C", 59.05, 59.05, 35.43, 180],
		[239, "I2C_3", 664.68, 197.45, "T", "DIP", "GPIO22", "", "C", 59.05, 59.05, 35.43, 180],
		[240, "I2C_3", 664.68, 197.45, "B", "DIP", "GPIO22", "", "C", 59.05, 59.05, 35.43, 180],
		[241, "I2C_4", 566.25, 197.45, "T", "DIP", "GPIO21", "", "C", 59.05, 59.05, 35.43, 180],
		[242, "I2C_4", 566.25, 197.45, "B", "DIP", "GPIO21", "", "C", 59.05, 59.05, 35.43, 180],
		[243, "L3_1", 1165, 2675.63, "T", "SMD", "$1N13249", "", "R", 39.37, 49.21, 0, 270],
		[244, "L3_2", 1165, 2754.37, "T", "SMD", "5V2A", "", "R", 39.37, 49.21, 0, 90],
		[245, "POWER_SELECTOR_1", 920, 1650, "T", "DIP", "5V2A", "", "R", 66.93, 66.93, 43.31, 180],
		[246, "POWER_SELECTOR_1", 920, 1650, "B", "DIP", "5V2A", "", "R", 66.93, 66.93, 43.31, 180],
		[247, "POWER_SELECTOR_2", 820, 1650, "T", "DIP", "5V2A", "", "C", 66.93, 66.93, 43.31, 180],
		[248, "POWER_SELECTOR_2", 820, 1650, "B", "DIP", "5V2A", "", "C", 66.93, 66.93, 43.31, 180],
		[249, "POWER_SELECTOR_3", 720, 1650, "T", "DIP", "USB5V", "", "C", 66.93, 66.93, 43.31, 180],
		[250, "POWER_SELECTOR_3", 720, 1650, "B", "DIP", "USB5V", "", "C", 66.93, 66.93, 43.31, 180],
		[251, "POWERPINS_1", 507.87, 2015.35, "T", "DIP", "5V2A", "", "R", 66.93, 66.93, 43.31, 90],
		[252, "POWERPINS_1", 507.87, 2015.35, "B", "DIP", "5V2A", "", "R", 66.93, 66.93, 43.31, 90],
		[253, "POWERPINS_2", 507.87, 2115.35, "T", "DIP", "GND", "GND", "C", 66.93, 66.93, 43.31, 90],
		[254, "POWERPINS_2", 507.87, 2115.35, "B", "DIP", "GND", "GND", "C", 66.93, 66.93, 43.31, 90],
		[255, "POWERPINS_3", 507.87, 2215.35, "T", "DIP", "GND", "GND", "C", 66.93, 66.93, 43.31, 90],
		[256, "POWERPINS_3", 507.87, 2215.35, "B", "DIP", "GND", "GND", "C", 66.93, 66.93, 43.31, 90],
		[257, "POWERPINS_4", 507.87, 2315.35, "T", "DIP", "PSU12V", "", "C", 66.93, 66.93, 43.31, 90],
		[258, "POWERPINS_4", 507.87, 2315.35, "B", "DIP", "PSU12V", "", "C", 66.93, 66.93, 43.31, 90],
		[259, "R1_1", 170, 1104.66, "T", "SMD", "DEC_UART1", "", "R", 31.75, 34.02, 0, 270],
		[260, "R1_2", 170, 1045.34, "T", "SMD", "GPIO17", "", "R", 31.75, 34.02, 0, 270],
		[261, "R2_1", 310, 1315.34, "T", "SMD", "ESPTX", "", "R", 31.75, 34.02, 0, 90],
		[262, "R2_2", 310, 1374.66, "T", "SMD", "$1N26", "", "R", 31.75, 34.02, 0, 90],
		[263, "R3_1", 255, 1315.34, "T", "SMD", "ESPRX", "", "R", 31.75, 34.02, 0, 90],
		[264, "R3_2", 255, 1374.66, "T", "SMD", "$1N27", "", "R", 31.75, 34.02, 0, 90],
		[265, "R4_1", 1164.37, 2305, "T", "SMD", "$1N13151", "", "R", 44.59, 54.21, 0, 180],
		[266, "R4_2", 1085.63, 2305, "T", "SMD", "$1N12989", "", "R", 44.59, 54.21, 0, 180],
		[267, "R5_1", 1226.01, 2315.41, "T", "SMD", "$1N13607", "", "R", 31.75, 34.02, 0, 0],
		[268, "R5_2", 1285.33, 2315.41, "T", "SMD", "5V2A", "", "R", 31.75, 34.02, 0, 0],
		[269, "R6_1", 1230, 2434.66, "T", "SMD", "GND", "GND", "R", 31.75, 34.02, 0, 270],
		[270, "R6_2", 1230, 2375.34, "T", "SMD", "$1N13607", "", "R", 31.75, 34.02, 0, 270],
		[271, "RA_CAP_1", 2099.6, 1651.41, "T", "SMD", "PSU12V", "", "R", 137.79, 47.24, 0, 0],
		[272, "RA_CAP_2", 2309.84, 1651.41, "T", "SMD", "GND", "GND", "R", 137.79, 47.24, 0, 0],
		[273, "RA_LEFT_1", 2055.44, 1368.1, "T", "DIP", "GPIO27", "", "R", 70.87, 70.87, 47.24, 0],
		[274, "RA_LEFT_1", 2055.44, 1368.1, "B", "DIP", "GPIO27", "", "R", 70.87, 70.87, 47.24, 0],
		[275, "RA_LEFT_2", 2155.44, 1368.1, "T", "DIP", "GND", "GND", "C", 70.87, 70.87, 47.24, 0],
		[276, "RA_LEFT_2", 2155.44, 1368.1, "B", "DIP", "GND", "GND", "C", 70.87, 70.87, 47.24, 0],
		[277, "RA_LEFT_3", 2255.44, 1368.1, "T", "DIP", "GND", "GND", "C", 70.87, 70.87, 47.24, 0],
		[278, "RA_LEFT_3", 2255.44, 1368.1, "B", "DIP", "GND", "GND", "C", 70.87, 70.87, 47.24, 0],
		[279, "RA_LEFT_4", 2355.44, 1368.1, "T", "DIP", "DEC_UART1", "", "C", 70.87, 70.87, 47.24, 0],
		[280, "RA_LEFT_4", 2355.44, 1368.1, "B", "DIP", "DEC_UART1", "", "C", 70.87, 70.87, 47.24, 0],
		[281, "RA_LEFT_5", 2455.44, 1368.1, "T", "DIP", "DEC_UART1", "", "C", 70.87, 70.87, 47.24, 0],
		[282, "RA_LEFT_5", 2455.44, 1368.1, "B", "DIP", "DEC_UART1", "", "C", 70.87, 70.87, 47.24, 0],
		[283, "RA_LEFT_6", 2555.44, 1368.1, "T", "DIP", "RA_CLK", "", "C", 70.87, 70.87, 47.24, 0],
		[284, "RA_LEFT_6", 2555.44, 1368.1, "B", "DIP", "RA_CLK", "", "C", 70.87, 70.87, 47.24, 0],
		[285, "RA_LEFT_7", 2655.44, 1368.1, "T", "DIP", "GPIO14", "", "C", 70.87, 70.87, 47.24, 0],
		[286, "RA_LEFT_7", 2655.44, 1368.1, "B", "DIP", "GPIO14", "", "C", 70.87, 70.87, 47.24, 0],
		[287, "RA_LEFT_8", 2755.44, 1368.1, "T", "DIP", "GPIO26", "", "C", 70.87, 70.87, 47.24, 0],
		[288, "RA_LEFT_8", 2755.44, 1368.1, "B", "DIP", "GPIO26", "", "C", 70.87, 70.87, 47.24, 0],
		[289, "RA_MOT_1", 2992.13, 1457.36, "T", "DIP", "RA_A2", "", "R", 60, 62.99, 43.31, 90],
		[290, "RA_MOT_1", 2992.13, 1457.36, "B", "DIP", "RA_A2", "", "R", 60, 62.99, 43.31, 90],
		[291, "RA_MOT_2", 2992.13, 1555.79, "T", "DIP", "RA_A1", "", "C", 62.99, 62.99, 43.31, 90],
		[292, "RA_MOT_2", 2992.13, 1555.79, "B", "DIP", "RA_A1", "", "C", 62.99, 62.99, 43.31, 90],
		[293, "RA_MOT_3", 2992.13, 1654.21, "T", "DIP", "RA_B1", "", "C", 62.99, 62.99, 43.31, 90],
		[294, "RA_MOT_3", 2992.13, 1654.21, "B", "DIP", "RA_B1", "", "C", 62.99, 62.99, 43.31, 90],
		[295, "RA_MOT_4", 2992.13, 1752.64, "T", "DIP", "RA_B2", "", "C", 62.99, 62.99, 43.31, 90],
		[296, "RA_MOT_4", 2992.13, 1752.64, "B", "DIP", "RA_B2", "", "C", 62.99, 62.99, 43.31, 90],
		[297, "RA_RIGHT_1", 2055.44, 1860.22, "T", "DIP", "PSU12V", "", "R", 70.87, 70.87, 47.24, 0],
		[298, "RA_RIGHT_1", 2055.44, 1860.22, "B", "DIP", "PSU12V", "", "R", 70.87, 70.87, 47.24, 0],
		[299, "RA_RIGHT_2", 2155.44, 1860.22, "T", "DIP", "GND", "GND", "C", 70.87, 70.87, 47.24, 0],
		[300, "RA_RIGHT_2", 2155.44, 1860.22, "B", "DIP", "GND", "GND", "C", 70.87, 70.87, 47.24, 0],
		[301, "RA_RIGHT_3", 2255.44, 1860.22, "T", "DIP", "RA_A2", "", "C", 70.87, 70.87, 47.24, 0],
		[302, "RA_RIGHT_3", 2255.44, 1860.22, "B", "DIP", "RA_A2", "", "C", 70.87, 70.87, 47.24, 0],
		[303, "RA_RIGHT_4", 2355.44, 1860.22, "T", "DIP", "RA_A1", "", "C", 70.87, 70.87, 47.24, 0],
		[304, "RA_RIGHT_4", 2355.44, 1860.22, "B", "DIP", "RA_A1", "", "C", 70.87, 70.87, 47.24, 0],
		[305, "RA_RIGHT_5", 2455.44, 1860.22, "T", "DIP", "RA_B1", "", "C", 70.87, 70.87, 47.24, 0],
		[306, "RA_RIGHT_5", 2455.44, 1860.22, "B", "DIP", "RA_B1", "", "C", 70.87, 70.87, 47.24, 0],
		[307, "RA_RIGHT_6", 2555.44, 1860.22, "T", "DIP", "RA_B2", "", "C", 70.87, 70.87, 47.24, 0],
		[308, "RA_RIGHT_6", 2555.44, 1860.22, "B", "DIP", "RA_B2", "", "C", 70.87, 70.87, 47.24, 0],
		[309, "RA_RIGHT_7", 2655.44, 1860.22, "T", "DIP", "ESPVOUT", "", "C", 70.87, 70.87, 47.24, 0],
		[310, "RA_RIGHT_7", 2655.44, 1860.22, "B", "DIP", "ESPVOUT", "", "C", 70.87, 70.87, 47.24, 0],
		[311, "RA_RIGHT_8", 2755.44, 1860.22, "T", "DIP", "GND", "GND", "C", 70.87, 70.87, 47.24, 0],
		[312, "RA_RIGHT_8", 2755.44, 1860.22, "B", "DIP", "GND", "GND", "C", 70.87, 70.87, 47.24, 0],
		[313, "SENSOR1_1", 1443.42, 200, "T", "DIP", "5V2A", "", "C", 59.05, 59.05, 35.43, 180],
		[314, "SENSOR1_1", 1443.42, 200, "B", "DIP", "5V2A", "", "C", 59.05, 59.05, 35.43, 180],
		[315, "SENSOR1_2", 1345, 200, "T", "DIP", "GPIO39", "", "C", 59.05, 59.05, 35.43, 180],
		[316, "SENSOR1_2", 1345, 200, "B", "DIP", "GPIO39", "", "C", 59.05, 59.05, 35.43, 180],
		[317, "SENSOR1_3", 1246.58, 200, "T", "DIP", "GND", "GND", "C", 59.05, 59.05, 35.43, 180],
		[318, "SENSOR1_3", 1246.58, 200, "B", "DIP", "GND", "GND", "C", 59.05, 59.05, 35.43, 180],
		[319, "SENSOR2_1", 1863.42, 200, "T", "DIP", "5V2A", "", "C", 59.05, 59.05, 35.43, 180],
		[320, "SENSOR2_1", 1863.42, 200, "B", "DIP", "5V2A", "", "C", 59.05, 59.05, 35.43, 180],
		[321, "SENSOR2_2", 1765, 200, "T", "DIP", "GPIO36", "", "C", 59.05, 59.05, 35.43, 180],
		[322, "SENSOR2_2", 1765, 200, "B", "DIP", "GPIO36", "", "C", 59.05, 59.05, 35.43, 180],
		[323, "SENSOR2_3", 1666.58, 200, "T", "DIP", "GND", "GND", "C", 59.05, 59.05, 35.43, 180],
		[324, "SENSOR2_3", 1666.58, 200, "B", "DIP", "GND", "GND", "C", 59.05, 59.05, 35.43, 180],
		[325, "U1_1", 1045, 1935, "T", "DIP", "GND", "GND", "C", 86.61, 86.61, 55.12, 180],
		[326, "U1_1", 1045, 1935, "B", "DIP", "GND", "GND", "C", 86.61, 86.61, 55.12, 180],
		[327, "U1_2", 895, 1935, "T", "DIP", "PSU12V", "", "C", 86.61, 86.61, 55.12, 180],
		[328, "U1_2", 895, 1935, "B", "DIP", "PSU12V", "", "C", 86.61, 86.61, 55.12, 180],
		[329, "U2_1", 788.5, 2490, "T", "SMD", "$1N13245", "", "O", 22.38, 76.78, 0, 270],
		[330, "U2_2", 788.5, 2440, "T", "SMD", "PSU12V", "", "O", 22.38, 76.78, 0, 270],
		[331, "U2_3", 788.5, 2390, "T", "SMD", "U2_3", "", "O", 22.38, 76.78, 0, 270],
		[332, "U2_4", 788.5, 2340, "T", "SMD", "$1N13891", "", "O", 22.38, 76.78, 0, 270],
		[333, "U2_5", 1001.5, 2340, "T", "SMD", "$1N13607", "", "O", 22.38, 76.78, 0, 270],
		[334, "U2_6", 1001.5, 2390, "T", "SMD", "$1N12989", "", "O", 22.38, 76.78, 0, 270],
		[335, "U2_7", 1001.5, 2440, "T", "SMD", "GND", "GND", "O", 22.38, 76.78, 0, 270],
		[336, "U2_8", 1001.5, 2490, "T", "SMD", "$1N13249", "", "O", 22.38, 76.78, 0, 270],
		[337, "USB1_1", 298.51, 2130.98, "T", "SMD", "GND", "GND", "R", 21.65, 43.31, 0, 270],
		[338, "USB1_2", 298.51, 2099.48, "T", "SMD", "USB5V", "", "R", 21.65, 43.31, 0, 270],
		[339, "USB1_3", 298.51, 2073.89, "T", "SMD", "USB1_3", "", "R", 11.81, 43.31, 0, 270],
		[340, "USB1_4", 298.51, 2054.2, "T", "SMD", "USB1_4", "", "R", 11.81, 43.31, 0, 270],
		[341, "USB1_5", 298.51, 2034.52, "T", "SMD", "USBDN", "", "R", 11.81, 43.31, 0, 270],
		[342, "USB1_6", 298.51, 2014.84, "T", "SMD", "USBDP", "", "R", 11.81, 43.31, 0, 270],
		[343, "USB1_7", 298.51, 1995.15, "T", "SMD", "USBDN", "", "R", 11.81, 43.31, 0, 270],
		[344, "USB1_8", 298.51, 1975.47, "T", "SMD", "USBDP", "", "R", 11.81, 43.31, 0, 270],
		[345, "USB1_9", 298.51, 1955.78, "T", "SMD", "USB1_9", "", "R", 11.81, 43.31, 0, 270],
		[346, "USB1_10", 298.51, 1936.09, "T", "SMD", "USB1_10", "", "R", 11.81, 43.31, 0, 270],
		[347, "USB1_11", 298.51, 1910.51, "T", "SMD", "USB5V", "", "R", 21.65, 43.31, 0, 270],
		[348, "USB1_12", 298.51, 1879.01, "T", "SMD", "GND", "GND", "R", 21.65, 43.31, 0, 270],
		[349, "USB1_13", 276.86, 2175.27, "T", "DIP", "GND", "GND", "O", 43.31, 78.74, 59.05, 270],
		[350, "USB1_13", 276.86, 2175.27, "B", "DIP", "GND", "GND", "O", 43.31, 78.74, 59.05, 270],
		[351, "USB1_13", 111.5, 2175.27, "T", "DIP", "GND", "GND", "O", 47.24, 70.87, 47.24, 270],
		[352, "USB1_13", 111.5, 2175.27, "B", "DIP", "GND", "GND", "O", 47.24, 70.87, 47.24, 270],
		[353, "USB1_14", 276.86, 1834.72, "T", "DIP", "GND", "GND", "O", 43.31, 78.74, 59.06, 270],
		[354, "USB1_14", 276.86, 1834.72, "B", "DIP", "GND", "GND", "O", 43.31, 78.74, 59.06, 270],
		[355, "USB1_14", 111.5, 1834.72, "T", "DIP", "GND", "GND", "O", 47.24, 70.87, 47.24, 270],
		[356, "USB1_14", 111.5, 1834.72, "B", "DIP", "GND", "GND", "O", 47.24, 70.87, 47.24, 270]
	]
}
}